<?xml version="1.0" encoding="UTF-8"?>
<instance>
  <info>
    <dataset>Montoya et al. 2016</dataset>
    <name>tc0c80s12cf0</name>
  </info>
  <network>
    <nodes>
      <node id="0" type="0">
        <cx>62.85</cx>
        <cy>66.66</cy>
      </node>
      <node id="1" type="1">
        <cx>26.5</cx>
        <cy>60.76</cy>
      </node>
      <node id="2" type="1">
        <cx>69.44</cx>
        <cy>61.29</cy>
      </node>
      <node id="3" type="1">
        <cx>5.17</cx>
        <cy>35.42</cy>
      </node>
      <node id="4" type="1">
        <cx>43.37</cx>
        <cy>79.31</cy>
      </node>
      <node id="5" type="1">
        <cx>96.61</cx>
        <cy>48.26</cy>
      </node>
      <node id="6" type="1">
        <cx>63.15</cx>
        <cy>67.72</cy>
      </node>
      <node id="7" type="1">
        <cx>107.57</cx>
        <cy>85.36</cy>
      </node>
      <node id="8" type="1">
        <cx>108.56</cx>
        <cy>37.9</cy>
      </node>
      <node id="9" type="1">
        <cx>119.22</cx>
        <cy>65.39</cy>
      </node>
      <node id="10" type="1">
        <cx>37.35</cx>
        <cy>42.56</cy>
      </node>
      <node id="11" type="1">
        <cx>102.33</cx>
        <cy>58.28</cy>
      </node>
      <node id="12" type="1">
        <cx>16.34</cx>
        <cy>61.37</cy>
      </node>
      <node id="13" type="1">
        <cx>20.43</cx>
        <cy>119.31</cy>
      </node>
      <node id="14" type="1">
        <cx>54.89</cx>
        <cy>36.86</cy>
      </node>
      <node id="15" type="1">
        <cx>66.1</cx>
        <cy>16.41</cy>
      </node>
      <node id="16" type="1">
        <cx>42.06</cx>
        <cy>92.42</cy>
      </node>
      <node id="17" type="1">
        <cx>52.63</cx>
        <cy>29.3</cy>
      </node>
      <node id="18" type="1">
        <cx>70.38</cx>
        <cy>44.61</cy>
      </node>
      <node id="19" type="1">
        <cx>38.99</cx>
        <cy>88.24</cy>
      </node>
      <node id="20" type="1">
        <cx>69.09</cx>
        <cy>50.63</cy>
      </node>
      <node id="21" type="1">
        <cx>81.08</cx>
        <cy>78.24</cy>
      </node>
      <node id="22" type="1">
        <cx>29.22</cx>
        <cy>48.93</cy>
      </node>
      <node id="23" type="1">
        <cx>95.23</cx>
        <cy>81.53</cy>
      </node>
      <node id="24" type="1">
        <cx>60.15</cx>
        <cy>37.64</cy>
      </node>
      <node id="25" type="1">
        <cx>32.34</cx>
        <cy>66.62</cy>
      </node>
      <node id="26" type="1">
        <cx>14.3</cx>
        <cy>110.13</cy>
      </node>
      <node id="27" type="1">
        <cx>91.86</cx>
        <cy>96.63</cy>
      </node>
      <node id="28" type="1">
        <cx>11.36</cx>
        <cy>50.78</cy>
      </node>
      <node id="29" type="1">
        <cx>74.41</cx>
        <cy>82.52</cy>
      </node>
      <node id="30" type="1">
        <cx>8.0</cx>
        <cy>66.6</cy>
      </node>
      <node id="31" type="1">
        <cx>20.35</cx>
        <cy>9.01</cy>
      </node>
      <node id="32" type="1">
        <cx>111.37</cx>
        <cy>51.44</cy>
      </node>
      <node id="33" type="1">
        <cx>88.56</cx>
        <cy>91.17</cy>
      </node>
      <node id="34" type="1">
        <cx>66.51</cx>
        <cy>9.59</cy>
      </node>
      <node id="35" type="1">
        <cx>115.97</cx>
        <cy>39.32</cy>
      </node>
      <node id="36" type="1">
        <cx>57.84</cx>
        <cy>64.14</cy>
      </node>
      <node id="37" type="1">
        <cx>62.44</cx>
        <cy>37.77</cy>
      </node>
      <node id="38" type="1">
        <cx>54.1</cx>
        <cy>83.1</cy>
      </node>
      <node id="39" type="1">
        <cx>29.72</cx>
        <cy>99.81</cy>
      </node>
      <node id="40" type="1">
        <cx>113.74</cx>
        <cy>12.42</cy>
      </node>
      <node id="41" type="1">
        <cx>64.56</cx>
        <cy>27.07</cy>
      </node>
      <node id="42" type="1">
        <cx>34.45</cx>
        <cy>109.85</cy>
      </node>
      <node id="43" type="1">
        <cx>117.75</cx>
        <cy>75.48</cy>
      </node>
      <node id="44" type="1">
        <cx>35.62</cx>
        <cy>107.7</cy>
      </node>
      <node id="45" type="1">
        <cx>49.83</cx>
        <cy>53.33</cy>
      </node>
      <node id="46" type="1">
        <cx>46.58</cx>
        <cy>54.48</cy>
      </node>
      <node id="47" type="1">
        <cx>13.04</cx>
        <cy>108.73</cy>
      </node>
      <node id="48" type="1">
        <cx>76.46</cx>
        <cy>117.12</cy>
      </node>
      <node id="49" type="1">
        <cx>16.1</cx>
        <cy>104.27</cy>
      </node>
      <node id="50" type="1">
        <cx>62.58</cx>
        <cy>85.08</cy>
      </node>
      <node id="51" type="1">
        <cx>114.19</cx>
        <cy>106.07</cy>
      </node>
      <node id="52" type="1">
        <cx>15.16</cx>
        <cy>66.53</cy>
      </node>
      <node id="53" type="1">
        <cx>101.44</cx>
        <cy>52.63</cy>
      </node>
      <node id="54" type="1">
        <cx>114.52</cx>
        <cy>104.17</cy>
      </node>
      <node id="55" type="1">
        <cx>16.21</cx>
        <cy>115.36</cy>
      </node>
      <node id="56" type="1">
        <cx>115.24</cx>
        <cy>44.63</cy>
      </node>
      <node id="57" type="1">
        <cx>2.1</cx>
        <cy>98.82</cy>
      </node>
      <node id="58" type="1">
        <cx>7.97</cx>
        <cy>90.06</cy>
      </node>
      <node id="59" type="1">
        <cx>58.08</cx>
        <cy>12.34</cy>
      </node>
      <node id="60" type="1">
        <cx>24.94</cx>
        <cy>44.49</cy>
      </node>
      <node id="61" type="1">
        <cx>109.33</cx>
        <cy>99.96</cy>
      </node>
      <node id="62" type="1">
        <cx>72.06</cx>
        <cy>84.93</cy>
      </node>
      <node id="63" type="1">
        <cx>61.19</cx>
        <cy>88.43</cy>
      </node>
      <node id="64" type="1">
        <cx>46.34</cx>
        <cy>98.07</cy>
      </node>
      <node id="65" type="1">
        <cx>44.47</cx>
        <cy>15.72</cy>
      </node>
      <node id="66" type="1">
        <cx>9.36</cx>
        <cy>53.98</cy>
      </node>
      <node id="67" type="1">
        <cx>109.66</cx>
        <cy>72.34</cy>
      </node>
      <node id="68" type="1">
        <cx>70.77</cx>
        <cy>113.0</cy>
      </node>
      <node id="69" type="1">
        <cx>95.81</cx>
        <cy>103.29</cy>
      </node>
      <node id="70" type="1">
        <cx>67.3</cx>
        <cy>98.96</cy>
      </node>
      <node id="71" type="1">
        <cx>43.33</cx>
        <cy>115.67</cy>
      </node>
      <node id="72" type="1">
        <cx>90.18</cx>
        <cy>90.64</cy>
      </node>
      <node id="73" type="1">
        <cx>35.49</cx>
        <cy>7.19</cy>
      </node>
      <node id="74" type="1">
        <cx>12.56</cx>
        <cy>47.29</cy>
      </node>
      <node id="75" type="1">
        <cx>71.98</cx>
        <cy>73.08</cy>
      </node>
      <node id="76" type="1">
        <cx>92.55</cx>
        <cy>72.88</cy>
      </node>
      <node id="77" type="1">
        <cx>1.65</cx>
        <cy>70.85</cy>
      </node>
      <node id="78" type="1">
        <cx>65.49</cx>
        <cy>115.82</cy>
      </node>
      <node id="79" type="1">
        <cx>64.67</cx>
        <cy>13.78</cy>
      </node>
      <node id="80" type="1">
        <cx>116.53</cx>
        <cy>1.33</cy>
      </node>
      <node id="81" type="2">
        <cx>68.51</cx>
        <cy>99.31</cy>
        <custom>
          <cs_type>slow</cs_type>
        </custom>
      </node>
      <node id="82" type="2">
        <cx>66.85</cx>
        <cy>44.92</cy>
        <custom>
          <cs_type>fast</cs_type>
        </custom>
      </node>
      <node id="83" type="2">
        <cx>97.63</cx>
        <cy>64.0</cy>
        <custom>
          <cs_type>normal</cs_type>
        </custom>
      </node>
      <node id="84" type="2">
        <cx>81.42</cx>
        <cy>33.84</cy>
        <custom>
          <cs_type>fast</cs_type>
        </custom>
      </node>
      <node id="85" type="2">
        <cx>104.09</cx>
        <cy>113.14</cy>
        <custom>
          <cs_type>normal</cs_type>
        </custom>
      </node>
      <node id="86" type="2">
        <cx>116.14</cx>
        <cy>115.19</cy>
        <custom>
          <cs_type>normal</cs_type>
        </custom>
      </node>
      <node id="87" type="2">
        <cx>21.57</cx>
        <cy>100.72</cy>
        <custom>
          <cs_type>normal</cs_type>
        </custom>
      </node>
      <node id="88" type="2">
        <cx>74.56</cx>
        <cy>101.48</cy>
        <custom>
          <cs_type>slow</cs_type>
        </custom>
      </node>
      <node id="89" type="2">
        <cx>15.39</cx>
        <cy>24.04</cy>
        <custom>
          <cs_type>slow</cs_type>
        </custom>
      </node>
      <node id="90" type="2">
        <cx>23.1</cx>
        <cy>37.98</cy>
        <custom>
          <cs_type>fast</cs_type>
        </custom>
      </node>
      <node id="91" type="2">
        <cx>109.44</cx>
        <cy>78.8</cy>
        <custom>
          <cs_type>normal</cs_type>
        </custom>
      </node>
      <node id="92" type="2">
        <cx>68.54</cx>
        <cy>66.11</cy>
        <custom>
          <cs_type>normal</cs_type>
        </custom>
      </node>
    </nodes>
    <euclidean />
    <decimals>14</decimals>
  </network>
  <fleet>
    <vehicle_profile type="0">
      <departure_node>0</departure_node>
      <arrival_node>0</arrival_node>
      <max_travel_time>10</max_travel_time>
      <speed_factor>40</speed_factor>
      <custom>
        <consumption_rate>125</consumption_rate>
        <battery_capacity>16000</battery_capacity>
        <charging_functions>
          <function cs_type="fast">
            <breakpoint>
              <battery_level>0</battery_level>
              <charging_time>0.0</charging_time>
            </breakpoint>
            <breakpoint>
              <battery_level>13600</battery_level>
              <charging_time>0.31</charging_time>
            </breakpoint>
            <breakpoint>
              <battery_level>15200</battery_level>
              <charging_time>0.39</charging_time>
            </breakpoint>
            <breakpoint>
              <battery_level>16000</battery_level>
              <charging_time>0.51</charging_time>
            </breakpoint>
          </function>
          <function cs_type="normal">
            <breakpoint>
              <battery_level>0</battery_level>
              <charging_time>0.0</charging_time>
            </breakpoint>
            <breakpoint>
              <battery_level>13600</battery_level>
              <charging_time>0.62</charging_time>
            </breakpoint>
            <breakpoint>
              <battery_level>15200</battery_level>
              <charging_time>0.77</charging_time>
            </breakpoint>
            <breakpoint>
              <battery_level>16000</battery_level>
              <charging_time>1.01</charging_time>
            </breakpoint>
          </function>
          <function cs_type="slow">
            <breakpoint>
              <battery_level>0</battery_level>
              <charging_time>0.0</charging_time>
            </breakpoint>
            <breakpoint>
              <battery_level>13600</battery_level>
              <charging_time>1.26</charging_time>
            </breakpoint>
            <breakpoint>
              <battery_level>15200</battery_level>
              <charging_time>1.54</charging_time>
            </breakpoint>
            <breakpoint>
              <battery_level>16000</battery_level>
              <charging_time>2.04</charging_time>
            </breakpoint>
          </function>
        </charging_functions>
      </custom>
    </vehicle_profile>
  </fleet>
  <requests>
    <request id="1" node="1">
      <service_time>0.5</service_time>
    </request>
    <request id="2" node="2">
      <service_time>0.5</service_time>
    </request>
    <request id="3" node="3">
      <service_time>0.5</service_time>
    </request>
    <request id="4" node="4">
      <service_time>0.5</service_time>
    </request>
    <request id="5" node="5">
      <service_time>0.5</service_time>
    </request>
    <request id="6" node="6">
      <service_time>0.5</service_time>
    </request>
    <request id="7" node="7">
      <service_time>0.5</service_time>
    </request>
    <request id="8" node="8">
      <service_time>0.5</service_time>
    </request>
    <request id="9" node="9">
      <service_time>0.5</service_time>
    </request>
    <request id="10" node="10">
      <service_time>0.5</service_time>
    </request>
    <request id="11" node="11">
      <service_time>0.5</service_time>
    </request>
    <request id="12" node="12">
      <service_time>0.5</service_time>
    </request>
    <request id="13" node="13">
      <service_time>0.5</service_time>
    </request>
    <request id="14" node="14">
      <service_time>0.5</service_time>
    </request>
    <request id="15" node="15">
      <service_time>0.5</service_time>
    </request>
    <request id="16" node="16">
      <service_time>0.5</service_time>
    </request>
    <request id="17" node="17">
      <service_time>0.5</service_time>
    </request>
    <request id="18" node="18">
      <service_time>0.5</service_time>
    </request>
    <request id="19" node="19">
      <service_time>0.5</service_time>
    </request>
    <request id="20" node="20">
      <service_time>0.5</service_time>
    </request>
    <request id="21" node="21">
      <service_time>0.5</service_time>
    </request>
    <request id="22" node="22">
      <service_time>0.5</service_time>
    </request>
    <request id="23" node="23">
      <service_time>0.5</service_time>
    </request>
    <request id="24" node="24">
      <service_time>0.5</service_time>
    </request>
    <request id="25" node="25">
      <service_time>0.5</service_time>
    </request>
    <request id="26" node="26">
      <service_time>0.5</service_time>
    </request>
    <request id="27" node="27">
      <service_time>0.5</service_time>
    </request>
    <request id="28" node="28">
      <service_time>0.5</service_time>
    </request>
    <request id="29" node="29">
      <service_time>0.5</service_time>
    </request>
    <request id="30" node="30">
      <service_time>0.5</service_time>
    </request>
    <request id="31" node="31">
      <service_time>0.5</service_time>
    </request>
    <request id="32" node="32">
      <service_time>0.5</service_time>
    </request>
    <request id="33" node="33">
      <service_time>0.5</service_time>
    </request>
    <request id="34" node="34">
      <service_time>0.5</service_time>
    </request>
    <request id="35" node="35">
      <service_time>0.5</service_time>
    </request>
    <request id="36" node="36">
      <service_time>0.5</service_time>
    </request>
    <request id="37" node="37">
      <service_time>0.5</service_time>
    </request>
    <request id="38" node="38">
      <service_time>0.5</service_time>
    </request>
    <request id="39" node="39">
      <service_time>0.5</service_time>
    </request>
    <request id="40" node="40">
      <service_time>0.5</service_time>
    </request>
    <request id="41" node="41">
      <service_time>0.5</service_time>
    </request>
    <request id="42" node="42">
      <service_time>0.5</service_time>
    </request>
    <request id="43" node="43">
      <service_time>0.5</service_time>
    </request>
    <request id="44" node="44">
      <service_time>0.5</service_time>
    </request>
    <request id="45" node="45">
      <service_time>0.5</service_time>
    </request>
    <request id="46" node="46">
      <service_time>0.5</service_time>
    </request>
    <request id="47" node="47">
      <service_time>0.5</service_time>
    </request>
    <request id="48" node="48">
      <service_time>0.5</service_time>
    </request>
    <request id="49" node="49">
      <service_time>0.5</service_time>
    </request>
    <request id="50" node="50">
      <service_time>0.5</service_time>
    </request>
    <request id="51" node="51">
      <service_time>0.5</service_time>
    </request>
    <request id="52" node="52">
      <service_time>0.5</service_time>
    </request>
    <request id="53" node="53">
      <service_time>0.5</service_time>
    </request>
    <request id="54" node="54">
      <service_time>0.5</service_time>
    </request>
    <request id="55" node="55">
      <service_time>0.5</service_time>
    </request>
    <request id="56" node="56">
      <service_time>0.5</service_time>
    </request>
    <request id="57" node="57">
      <service_time>0.5</service_time>
    </request>
    <request id="58" node="58">
      <service_time>0.5</service_time>
    </request>
    <request id="59" node="59">
      <service_time>0.5</service_time>
    </request>
    <request id="60" node="60">
      <service_time>0.5</service_time>
    </request>
    <request id="61" node="61">
      <service_time>0.5</service_time>
    </request>
    <request id="62" node="62">
      <service_time>0.5</service_time>
    </request>
    <request id="63" node="63">
      <service_time>0.5</service_time>
    </request>
    <request id="64" node="64">
      <service_time>0.5</service_time>
    </request>
    <request id="65" node="65">
      <service_time>0.5</service_time>
    </request>
    <request id="66" node="66">
      <service_time>0.5</service_time>
    </request>
    <request id="67" node="67">
      <service_time>0.5</service_time>
    </request>
    <request id="68" node="68">
      <service_time>0.5</service_time>
    </request>
    <request id="69" node="69">
      <service_time>0.5</service_time>
    </request>
    <request id="70" node="70">
      <service_time>0.5</service_time>
    </request>
    <request id="71" node="71">
      <service_time>0.5</service_time>
    </request>
    <request id="72" node="72">
      <service_time>0.5</service_time>
    </request>
    <request id="73" node="73">
      <service_time>0.5</service_time>
    </request>
    <request id="74" node="74">
      <service_time>0.5</service_time>
    </request>
    <request id="75" node="75">
      <service_time>0.5</service_time>
    </request>
    <request id="76" node="76">
      <service_time>0.5</service_time>
    </request>
    <request id="77" node="77">
      <service_time>0.5</service_time>
    </request>
    <request id="78" node="78">
      <service_time>0.5</service_time>
    </request>
    <request id="79" node="79">
      <service_time>0.5</service_time>
    </request>
    <request id="80" node="80">
      <service_time>0.5</service_time>
    </request>
  </requests>
</instance>
