<?xml version="1.0" encoding="UTF-8"?>
<instance>
  <info>
    <dataset>Montoya et al. 2016</dataset>
    <name>tc2c320s38cf1</name>
  </info>
  <network>
    <nodes>
      <node id="0" type="0">
        <cx>68.07</cx>
        <cy>53.45</cy>
      </node>
      <node id="1" type="1">
        <cx>21.7</cx>
        <cy>41.57</cy>
      </node>
      <node id="2" type="1">
        <cx>24.52</cx>
        <cy>40.21</cy>
      </node>
      <node id="3" type="1">
        <cx>16.35</cx>
        <cy>42.77</cy>
      </node>
      <node id="4" type="1">
        <cx>18.87</cx>
        <cy>46.53</cy>
      </node>
      <node id="5" type="1">
        <cx>17.89</cx>
        <cy>38.17</cy>
      </node>
      <node id="6" type="1">
        <cx>60.54</cx>
        <cy>14.21</cy>
      </node>
      <node id="7" type="1">
        <cx>58.58</cx>
        <cy>13.35</cy>
      </node>
      <node id="8" type="1">
        <cx>61.1</cx>
        <cy>17.18</cy>
      </node>
      <node id="9" type="1">
        <cx>57.19</cx>
        <cy>11.2</cy>
      </node>
      <node id="10" type="1">
        <cx>56.96</cx>
        <cy>10.49</cy>
      </node>
      <node id="11" type="1">
        <cx>32.28</cx>
        <cy>104.15</cy>
      </node>
      <node id="12" type="1">
        <cx>33.3</cx>
        <cy>108.16</cy>
      </node>
      <node id="13" type="1">
        <cx>29.19</cx>
        <cy>106.38</cy>
      </node>
      <node id="14" type="1">
        <cx>31.2</cx>
        <cy>100.0</cy>
      </node>
      <node id="15" type="1">
        <cx>32.88</cx>
        <cy>108.89</cy>
      </node>
      <node id="16" type="1">
        <cx>75.09</cx>
        <cy>55.88</cy>
      </node>
      <node id="17" type="1">
        <cx>73.51</cx>
        <cy>53.46</cy>
      </node>
      <node id="18" type="1">
        <cx>75.52</cx>
        <cy>60.94</cy>
      </node>
      <node id="19" type="1">
        <cx>72.91</cx>
        <cy>59.35</cy>
      </node>
      <node id="20" type="1">
        <cx>79.7</cx>
        <cy>56.73</cy>
      </node>
      <node id="21" type="1">
        <cx>100.86</cx>
        <cy>22.77</cy>
      </node>
      <node id="22" type="1">
        <cx>106.63</cx>
        <cy>22.63</cy>
      </node>
      <node id="23" type="1">
        <cx>98.66</cx>
        <cy>20.68</cy>
      </node>
      <node id="24" type="1">
        <cx>95.7</cx>
        <cy>23.2</cy>
      </node>
      <node id="25" type="1">
        <cx>104.53</cx>
        <cy>19.07</cy>
      </node>
      <node id="26" type="1">
        <cx>45.93</cx>
        <cy>99.38</cy>
      </node>
      <node id="27" type="1">
        <cx>40.41</cx>
        <cy>99.48</cy>
      </node>
      <node id="28" type="1">
        <cx>46.11</cx>
        <cy>103.24</cy>
      </node>
      <node id="29" type="1">
        <cx>43.95</cx>
        <cy>103.06</cy>
      </node>
      <node id="30" type="1">
        <cx>46.34</cx>
        <cy>95.03</cy>
      </node>
      <node id="31" type="1">
        <cx>69.42</cx>
        <cy>0.59</cy>
      </node>
      <node id="32" type="1">
        <cx>66.92</cx>
        <cy>3.14</cy>
      </node>
      <node id="33" type="1">
        <cx>67.59</cx>
        <cy>4.21</cy>
      </node>
      <node id="34" type="1">
        <cx>72.26</cx>
        <cy>4.19</cy>
      </node>
      <node id="35" type="1">
        <cx>63.87</cx>
        <cy>2.01</cy>
      </node>
      <node id="36" type="1">
        <cx>14.0</cx>
        <cy>53.4</cy>
      </node>
      <node id="37" type="1">
        <cx>17.04</cx>
        <cy>51.72</cy>
      </node>
      <node id="38" type="1">
        <cx>15.28</cx>
        <cy>54.62</cy>
      </node>
      <node id="39" type="1">
        <cx>9.88</cx>
        <cy>55.11</cy>
      </node>
      <node id="40" type="1">
        <cx>9.6</cx>
        <cy>53.79</cy>
      </node>
      <node id="41" type="1">
        <cx>3.61</cx>
        <cy>69.86</cy>
      </node>
      <node id="42" type="1">
        <cx>2.03</cx>
        <cy>66.14</cy>
      </node>
      <node id="43" type="1">
        <cx>5.87</cx>
        <cy>70.59</cy>
      </node>
      <node id="44" type="1">
        <cx>7.39</cx>
        <cy>68.09</cy>
      </node>
      <node id="45" type="1">
        <cx>1.62</cx>
        <cy>73.18</cy>
      </node>
      <node id="46" type="1">
        <cx>35.74</cx>
        <cy>16.67</cy>
      </node>
      <node id="47" type="1">
        <cx>32.5</cx>
        <cy>20.84</cy>
      </node>
      <node id="48" type="1">
        <cx>31.83</cx>
        <cy>13.77</cy>
      </node>
      <node id="49" type="1">
        <cx>34.27</cx>
        <cy>20.73</cy>
      </node>
      <node id="50" type="1">
        <cx>34.27</cx>
        <cy>17.44</cy>
      </node>
      <node id="51" type="1">
        <cx>102.73</cx>
        <cy>98.2</cy>
      </node>
      <node id="52" type="1">
        <cx>104.42</cx>
        <cy>101.74</cy>
      </node>
      <node id="53" type="1">
        <cx>103.91</cx>
        <cy>94.93</cy>
      </node>
      <node id="54" type="1">
        <cx>101.26</cx>
        <cy>102.71</cy>
      </node>
      <node id="55" type="1">
        <cx>108.2</cx>
        <cy>99.94</cy>
      </node>
      <node id="56" type="1">
        <cx>113.07</cx>
        <cy>110.3</cy>
      </node>
      <node id="57" type="1">
        <cx>113.12</cx>
        <cy>111.21</cy>
      </node>
      <node id="58" type="1">
        <cx>116.38</cx>
        <cy>114.19</cy>
      </node>
      <node id="59" type="1">
        <cx>114.1</cx>
        <cy>110.88</cy>
      </node>
      <node id="60" type="1">
        <cx>111.8</cx>
        <cy>113.63</cy>
      </node>
      <node id="61" type="1">
        <cx>47.77</cx>
        <cy>24.07</cy>
      </node>
      <node id="62" type="1">
        <cx>44.72</cx>
        <cy>18.98</cy>
      </node>
      <node id="63" type="1">
        <cx>49.75</cx>
        <cy>29.65</cy>
      </node>
      <node id="64" type="1">
        <cx>50.58</cx>
        <cy>20.44</cy>
      </node>
      <node id="65" type="1">
        <cx>48.81</cx>
        <cy>24.47</cy>
      </node>
      <node id="66" type="1">
        <cx>94.39</cx>
        <cy>40.89</cy>
      </node>
      <node id="67" type="1">
        <cx>96.76</cx>
        <cy>39.92</cy>
      </node>
      <node id="68" type="1">
        <cx>92.62</cx>
        <cy>45.48</cy>
      </node>
      <node id="69" type="1">
        <cx>94.74</cx>
        <cy>44.53</cy>
      </node>
      <node id="70" type="1">
        <cx>94.55</cx>
        <cy>42.14</cy>
      </node>
      <node id="71" type="1">
        <cx>8.67</cx>
        <cy>38.24</cy>
      </node>
      <node id="72" type="1">
        <cx>6.54</cx>
        <cy>40.04</cy>
      </node>
      <node id="73" type="1">
        <cx>9.13</cx>
        <cy>41.4</cy>
      </node>
      <node id="74" type="1">
        <cx>5.42</cx>
        <cy>43.14</cy>
      </node>
      <node id="75" type="1">
        <cx>12.52</cx>
        <cy>34.07</cy>
      </node>
      <node id="76" type="1">
        <cx>13.96</cx>
        <cy>15.24</cy>
      </node>
      <node id="77" type="1">
        <cx>14.53</cx>
        <cy>11.46</cy>
      </node>
      <node id="78" type="1">
        <cx>15.25</cx>
        <cy>14.08</cy>
      </node>
      <node id="79" type="1">
        <cx>17.53</cx>
        <cy>16.82</cy>
      </node>
      <node id="80" type="1">
        <cx>13.69</cx>
        <cy>17.55</cy>
      </node>
      <node id="81" type="1">
        <cx>35.86</cx>
        <cy>49.48</cy>
      </node>
      <node id="82" type="1">
        <cx>34.73</cx>
        <cy>47.77</cy>
      </node>
      <node id="83" type="1">
        <cx>32.23</cx>
        <cy>45.12</cy>
      </node>
      <node id="84" type="1">
        <cx>37.08</cx>
        <cy>50.37</cy>
      </node>
      <node id="85" type="1">
        <cx>39.17</cx>
        <cy>48.2</cy>
      </node>
      <node id="86" type="1">
        <cx>90.26</cx>
        <cy>60.27</cy>
      </node>
      <node id="87" type="1">
        <cx>86.82</cx>
        <cy>62.61</cy>
      </node>
      <node id="88" type="1">
        <cx>85.15</cx>
        <cy>59.83</cy>
      </node>
      <node id="89" type="1">
        <cx>92.35</cx>
        <cy>60.18</cy>
      </node>
      <node id="90" type="1">
        <cx>87.77</cx>
        <cy>62.49</cy>
      </node>
      <node id="91" type="1">
        <cx>116.5</cx>
        <cy>96.32</cy>
      </node>
      <node id="92" type="1">
        <cx>114.18</cx>
        <cy>96.58</cy>
      </node>
      <node id="93" type="1">
        <cx>115.55</cx>
        <cy>101.44</cy>
      </node>
      <node id="94" type="1">
        <cx>118.56</cx>
        <cy>99.75</cy>
      </node>
      <node id="95" type="1">
        <cx>116.9</cx>
        <cy>96.53</cy>
      </node>
      <node id="96" type="1">
        <cx>30.84</cx>
        <cy>90.84</cy>
      </node>
      <node id="97" type="1">
        <cx>32.29</cx>
        <cy>86.55</cy>
      </node>
      <node id="98" type="1">
        <cx>33.07</cx>
        <cy>90.01</cy>
      </node>
      <node id="99" type="1">
        <cx>26.9</cx>
        <cy>88.97</cy>
      </node>
      <node id="100" type="1">
        <cx>26.54</cx>
        <cy>93.08</cy>
      </node>
      <node id="101" type="1">
        <cx>98.52</cx>
        <cy>29.62</cy>
      </node>
      <node id="102" type="1">
        <cx>93.23</cx>
        <cy>27.61</cy>
      </node>
      <node id="103" type="1">
        <cx>94.3</cx>
        <cy>30.47</cy>
      </node>
      <node id="104" type="1">
        <cx>98.16</cx>
        <cy>24.84</cy>
      </node>
      <node id="105" type="1">
        <cx>95.39</cx>
        <cy>30.82</cy>
      </node>
      <node id="106" type="1">
        <cx>113.72</cx>
        <cy>88.26</cy>
      </node>
      <node id="107" type="1">
        <cx>113.1</cx>
        <cy>85.06</cy>
      </node>
      <node id="108" type="1">
        <cx>114.86</cx>
        <cy>92.15</cy>
      </node>
      <node id="109" type="1">
        <cx>116.89</cx>
        <cy>84.11</cy>
      </node>
      <node id="110" type="1">
        <cx>112.93</cx>
        <cy>89.34</cy>
      </node>
      <node id="111" type="1">
        <cx>101.49</cx>
        <cy>86.83</cy>
      </node>
      <node id="112" type="1">
        <cx>102.76</cx>
        <cy>83.91</cy>
      </node>
      <node id="113" type="1">
        <cx>104.81</cx>
        <cy>89.72</cy>
      </node>
      <node id="114" type="1">
        <cx>104.91</cx>
        <cy>82.56</cy>
      </node>
      <node id="115" type="1">
        <cx>97.4</cx>
        <cy>90.49</cy>
      </node>
      <node id="116" type="1">
        <cx>85.01</cx>
        <cy>85.05</cy>
      </node>
      <node id="117" type="1">
        <cx>81.91</cx>
        <cy>80.66</cy>
      </node>
      <node id="118" type="1">
        <cx>82.65</cx>
        <cy>81.08</cy>
      </node>
      <node id="119" type="1">
        <cx>81.37</cx>
        <cy>85.97</cy>
      </node>
      <node id="120" type="1">
        <cx>85.69</cx>
        <cy>84.54</cy>
      </node>
      <node id="121" type="1">
        <cx>20.64</cx>
        <cy>86.35</cy>
      </node>
      <node id="122" type="1">
        <cx>23.92</cx>
        <cy>91.33</cy>
      </node>
      <node id="123" type="1">
        <cx>22.9</cx>
        <cy>86.51</cy>
      </node>
      <node id="124" type="1">
        <cx>20.46</cx>
        <cy>89.89</cy>
      </node>
      <node id="125" type="1">
        <cx>24.4</cx>
        <cy>84.74</cy>
      </node>
      <node id="126" type="1">
        <cx>13.14</cx>
        <cy>103.04</cy>
      </node>
      <node id="127" type="1">
        <cx>8.12</cx>
        <cy>102.13</cy>
      </node>
      <node id="128" type="1">
        <cx>12.32</cx>
        <cy>108.73</cy>
      </node>
      <node id="129" type="1">
        <cx>17.82</cx>
        <cy>106.22</cy>
      </node>
      <node id="130" type="1">
        <cx>18.32</cx>
        <cy>105.54</cy>
      </node>
      <node id="131" type="1">
        <cx>2.04</cx>
        <cy>50.66</cy>
      </node>
      <node id="132" type="1">
        <cx>4.07</cx>
        <cy>51.76</cy>
      </node>
      <node id="133" type="1">
        <cx>1.58</cx>
        <cy>47.88</cy>
      </node>
      <node id="134" type="1">
        <cx>3.51</cx>
        <cy>50.76</cy>
      </node>
      <node id="135" type="1">
        <cx>7.34</cx>
        <cy>50.98</cy>
      </node>
      <node id="136" type="1">
        <cx>7.9</cx>
        <cy>119.08</cy>
      </node>
      <node id="137" type="1">
        <cx>9.97</cx>
        <cy>114.96</cy>
      </node>
      <node id="138" type="1">
        <cx>4.08</cx>
        <cy>118.23</cy>
      </node>
      <node id="139" type="1">
        <cx>5.52</cx>
        <cy>114.56</cy>
      </node>
      <node id="140" type="1">
        <cx>12.27</cx>
        <cy>119.05</cy>
      </node>
      <node id="141" type="1">
        <cx>117.77</cx>
        <cy>2.24</cy>
      </node>
      <node id="142" type="1">
        <cx>119.84</cx>
        <cy>4.21</cy>
      </node>
      <node id="143" type="1">
        <cx>114.98</cx>
        <cy>4.46</cy>
      </node>
      <node id="144" type="1">
        <cx>118.18</cx>
        <cy>1.39</cy>
      </node>
      <node id="145" type="1">
        <cx>117.2</cx>
        <cy>1.39</cy>
      </node>
      <node id="146" type="1">
        <cx>118.06</cx>
        <cy>77.29</cy>
      </node>
      <node id="147" type="1">
        <cx>118.63</cx>
        <cy>78.69</cy>
      </node>
      <node id="148" type="1">
        <cx>119.91</cx>
        <cy>73.36</cy>
      </node>
      <node id="149" type="1">
        <cx>114.31</cx>
        <cy>79.53</cy>
      </node>
      <node id="150" type="1">
        <cx>119.75</cx>
        <cy>77.7</cy>
      </node>
      <node id="151" type="1">
        <cx>37.85</cx>
        <cy>59.15</cy>
      </node>
      <node id="152" type="1">
        <cx>35.0</cx>
        <cy>55.8</cy>
      </node>
      <node id="153" type="1">
        <cx>36.67</cx>
        <cy>54.96</cy>
      </node>
      <node id="154" type="1">
        <cx>37.94</cx>
        <cy>62.36</cy>
      </node>
      <node id="155" type="1">
        <cx>34.38</cx>
        <cy>57.67</cy>
      </node>
      <node id="156" type="1">
        <cx>109.51</cx>
        <cy>32.87</cy>
      </node>
      <node id="157" type="1">
        <cx>103.76</cx>
        <cy>32.28</cy>
      </node>
      <node id="158" type="1">
        <cx>110.72</cx>
        <cy>33.57</cy>
      </node>
      <node id="159" type="1">
        <cx>112.62</cx>
        <cy>34.51</cy>
      </node>
      <node id="160" type="1">
        <cx>114.4</cx>
        <cy>33.08</cy>
      </node>
      <node id="161" type="1">
        <cx>65.7</cx>
        <cy>84.02</cy>
      </node>
      <node id="162" type="1">
        <cx>63.58</cx>
        <cy>80.33</cy>
      </node>
      <node id="163" type="1">
        <cx>62.01</cx>
        <cy>80.78</cy>
      </node>
      <node id="164" type="1">
        <cx>65.73</cx>
        <cy>84.11</cy>
      </node>
      <node id="165" type="1">
        <cx>70.83</cx>
        <cy>86.96</cy>
      </node>
      <node id="166" type="1">
        <cx>119.07</cx>
        <cy>12.15</cy>
      </node>
      <node id="167" type="1">
        <cx>118.98</cx>
        <cy>6.46</cy>
      </node>
      <node id="168" type="1">
        <cx>114.04</cx>
        <cy>12.42</cy>
      </node>
      <node id="169" type="1">
        <cx>119.14</cx>
        <cy>13.83</cy>
      </node>
      <node id="170" type="1">
        <cx>116.53</cx>
        <cy>13.06</cy>
      </node>
      <node id="171" type="1">
        <cx>76.64</cx>
        <cy>22.0</cy>
      </node>
      <node id="172" type="1">
        <cx>80.03</cx>
        <cy>25.14</cy>
      </node>
      <node id="173" type="1">
        <cx>80.54</cx>
        <cy>22.69</cy>
      </node>
      <node id="174" type="1">
        <cx>74.12</cx>
        <cy>24.43</cy>
      </node>
      <node id="175" type="1">
        <cx>76.63</cx>
        <cy>25.83</cy>
      </node>
      <node id="176" type="1">
        <cx>20.82</cx>
        <cy>32.15</cy>
      </node>
      <node id="177" type="1">
        <cx>25.27</cx>
        <cy>34.63</cy>
      </node>
      <node id="178" type="1">
        <cx>19.39</cx>
        <cy>29.2</cy>
      </node>
      <node id="179" type="1">
        <cx>19.86</cx>
        <cy>29.7</cy>
      </node>
      <node id="180" type="1">
        <cx>19.74</cx>
        <cy>34.9</cy>
      </node>
      <node id="181" type="1">
        <cx>53.51</cx>
        <cy>75.27</cy>
      </node>
      <node id="182" type="1">
        <cx>50.62</cx>
        <cy>79.95</cy>
      </node>
      <node id="183" type="1">
        <cx>49.72</cx>
        <cy>76.02</cy>
      </node>
      <node id="184" type="1">
        <cx>48.85</cx>
        <cy>74.26</cy>
      </node>
      <node id="185" type="1">
        <cx>50.69</cx>
        <cy>80.12</cy>
      </node>
      <node id="186" type="1">
        <cx>59.07</cx>
        <cy>47.45</cy>
      </node>
      <node id="187" type="1">
        <cx>59.51</cx>
        <cy>51.62</cy>
      </node>
      <node id="188" type="1">
        <cx>54.71</cx>
        <cy>49.21</cy>
      </node>
      <node id="189" type="1">
        <cx>55.78</cx>
        <cy>43.17</cy>
      </node>
      <node id="190" type="1">
        <cx>56.53</cx>
        <cy>47.04</cy>
      </node>
      <node id="191" type="1">
        <cx>85.03</cx>
        <cy>4.58</cy>
      </node>
      <node id="192" type="1">
        <cx>82.63</cx>
        <cy>6.68</cy>
      </node>
      <node id="193" type="1">
        <cx>79.94</cx>
        <cy>2.91</cy>
      </node>
      <node id="194" type="1">
        <cx>89.94</cx>
        <cy>4.25</cy>
      </node>
      <node id="195" type="1">
        <cx>88.11</cx>
        <cy>4.07</cy>
      </node>
      <node id="196" type="1">
        <cx>67.34</cx>
        <cy>18.98</cy>
      </node>
      <node id="197" type="1">
        <cx>67.87</cx>
        <cy>23.55</cy>
      </node>
      <node id="198" type="1">
        <cx>62.65</cx>
        <cy>16.57</cy>
      </node>
      <node id="199" type="1">
        <cx>62.89</cx>
        <cy>16.62</cy>
      </node>
      <node id="200" type="1">
        <cx>71.08</cx>
        <cy>15.88</cy>
      </node>
      <node id="201" type="1">
        <cx>96.06</cx>
        <cy>3.77</cy>
      </node>
      <node id="202" type="1">
        <cx>99.47</cx>
        <cy>8.37</cy>
      </node>
      <node id="203" type="1">
        <cx>96.7</cx>
        <cy>7.78</cy>
      </node>
      <node id="204" type="1">
        <cx>93.21</cx>
        <cy>3.85</cy>
      </node>
      <node id="205" type="1">
        <cx>98.61</cx>
        <cy>7.18</cy>
      </node>
      <node id="206" type="1">
        <cx>91.29</cx>
        <cy>116.03</cy>
      </node>
      <node id="207" type="1">
        <cx>87.1</cx>
        <cy>114.98</cy>
      </node>
      <node id="208" type="1">
        <cx>91.62</cx>
        <cy>118.99</cy>
      </node>
      <node id="209" type="1">
        <cx>91.32</cx>
        <cy>112.96</cy>
      </node>
      <node id="210" type="1">
        <cx>87.36</cx>
        <cy>111.71</cy>
      </node>
      <node id="211" type="1">
        <cx>34.09</cx>
        <cy>73.29</cy>
      </node>
      <node id="212" type="1">
        <cx>34.32</cx>
        <cy>69.94</cy>
      </node>
      <node id="213" type="1">
        <cx>36.55</cx>
        <cy>74.53</cy>
      </node>
      <node id="214" type="1">
        <cx>31.24</cx>
        <cy>78.24</cy>
      </node>
      <node id="215" type="1">
        <cx>30.65</cx>
        <cy>71.83</cy>
      </node>
      <node id="216" type="1">
        <cx>21.49</cx>
        <cy>64.31</cy>
      </node>
      <node id="217" type="1">
        <cx>25.48</cx>
        <cy>67.16</cy>
      </node>
      <node id="218" type="1">
        <cx>24.13</cx>
        <cy>59.78</cy>
      </node>
      <node id="219" type="1">
        <cx>26.72</cx>
        <cy>64.94</cy>
      </node>
      <node id="220" type="1">
        <cx>17.1</cx>
        <cy>67.27</cy>
      </node>
      <node id="221" type="1">
        <cx>3.39</cx>
        <cy>60.01</cy>
      </node>
      <node id="222" type="1">
        <cx>4.34</cx>
        <cy>59.59</cy>
      </node>
      <node id="223" type="1">
        <cx>0.84</cx>
        <cy>60.88</cy>
      </node>
      <node id="224" type="1">
        <cx>7.95</cx>
        <cy>62.17</cy>
      </node>
      <node id="225" type="1">
        <cx>7.89</cx>
        <cy>58.84</cy>
      </node>
      <node id="226" type="1">
        <cx>70.06</cx>
        <cy>99.9</cy>
      </node>
      <node id="227" type="1">
        <cx>71.71</cx>
        <cy>96.31</cy>
      </node>
      <node id="228" type="1">
        <cx>67.78</cx>
        <cy>103.34</cy>
      </node>
      <node id="229" type="1">
        <cx>64.81</cx>
        <cy>102.53</cy>
      </node>
      <node id="230" type="1">
        <cx>75.1</cx>
        <cy>102.55</cy>
      </node>
      <node id="231" type="1">
        <cx>101.22</cx>
        <cy>50.47</cy>
      </node>
      <node id="232" type="1">
        <cx>97.28</cx>
        <cy>48.59</cy>
      </node>
      <node id="233" type="1">
        <cx>99.75</cx>
        <cy>49.11</cy>
      </node>
      <node id="234" type="1">
        <cx>100.84</cx>
        <cy>49.56</cy>
      </node>
      <node id="235" type="1">
        <cx>103.84</cx>
        <cy>48.89</cy>
      </node>
      <node id="236" type="1">
        <cx>75.03</cx>
        <cy>40.16</cy>
      </node>
      <node id="237" type="1">
        <cx>79.74</cx>
        <cy>42.36</cy>
      </node>
      <node id="238" type="1">
        <cx>75.68</cx>
        <cy>43.45</cy>
      </node>
      <node id="239" type="1">
        <cx>76.56</cx>
        <cy>34.4</cy>
      </node>
      <node id="240" type="1">
        <cx>72.48</cx>
        <cy>44.3</cy>
      </node>
      <node id="241" type="1">
        <cx>7.28</cx>
        <cy>14.48</cy>
      </node>
      <node id="242" type="1">
        <cx>9.55</cx>
        <cy>19.58</cy>
      </node>
      <node id="243" type="1">
        <cx>3.05</cx>
        <cy>10.59</cy>
      </node>
      <node id="244" type="1">
        <cx>8.66</cx>
        <cy>10.14</cy>
      </node>
      <node id="245" type="1">
        <cx>5.12</cx>
        <cy>11.45</cy>
      </node>
      <node id="246" type="1">
        <cx>109.9</cx>
        <cy>71.09</cy>
      </node>
      <node id="247" type="1">
        <cx>114.12</cx>
        <cy>70.33</cy>
      </node>
      <node id="248" type="1">
        <cx>108.96</cx>
        <cy>68.57</cy>
      </node>
      <node id="249" type="1">
        <cx>105.79</cx>
        <cy>73.76</cy>
      </node>
      <node id="250" type="1">
        <cx>109.0</cx>
        <cy>73.56</cy>
      </node>
      <node id="251" type="1">
        <cx>54.36</cx>
        <cy>67.27</cy>
      </node>
      <node id="252" type="1">
        <cx>58.14</cx>
        <cy>67.77</cy>
      </node>
      <node id="253" type="1">
        <cx>55.54</cx>
        <cy>71.76</cy>
      </node>
      <node id="254" type="1">
        <cx>50.08</cx>
        <cy>65.01</cy>
      </node>
      <node id="255" type="1">
        <cx>50.31</cx>
        <cy>64.82</cy>
      </node>
      <node id="256" type="1">
        <cx>67.69</cx>
        <cy>72.58</cy>
      </node>
      <node id="257" type="1">
        <cx>64.11</cx>
        <cy>74.32</cy>
      </node>
      <node id="258" type="1">
        <cx>69.15</cx>
        <cy>69.61</cy>
      </node>
      <node id="259" type="1">
        <cx>67.57</cx>
        <cy>72.01</cy>
      </node>
      <node id="260" type="1">
        <cx>73.06</cx>
        <cy>71.32</cy>
      </node>
      <node id="261" type="1">
        <cx>87.48</cx>
        <cy>74.35</cy>
      </node>
      <node id="262" type="1">
        <cx>86.45</cx>
        <cy>74.68</cy>
      </node>
      <node id="263" type="1">
        <cx>83.11</cx>
        <cy>73.96</cy>
      </node>
      <node id="264" type="1">
        <cx>91.47</cx>
        <cy>72.32</cy>
      </node>
      <node id="265" type="1">
        <cx>89.72</cx>
        <cy>73.17</cy>
      </node>
      <node id="266" type="1">
        <cx>50.18</cx>
        <cy>112.98</cy>
      </node>
      <node id="267" type="1">
        <cx>48.88</cx>
        <cy>110.22</cy>
      </node>
      <node id="268" type="1">
        <cx>47.53</cx>
        <cy>110.98</cy>
      </node>
      <node id="269" type="1">
        <cx>48.69</cx>
        <cy>113.36</cy>
      </node>
      <node id="270" type="1">
        <cx>52.66</cx>
        <cy>113.27</cy>
      </node>
      <node id="271" type="1">
        <cx>26.9</cx>
        <cy>4.33</cy>
      </node>
      <node id="272" type="1">
        <cx>27.59</cx>
        <cy>9.78</cy>
      </node>
      <node id="273" type="1">
        <cx>29.39</cx>
        <cy>5.04</cy>
      </node>
      <node id="274" type="1">
        <cx>20.96</cx>
        <cy>4.26</cy>
      </node>
      <node id="275" type="1">
        <cx>29.34</cx>
        <cy>6.71</cy>
      </node>
      <node id="276" type="1">
        <cx>88.78</cx>
        <cy>103.91</cy>
      </node>
      <node id="277" type="1">
        <cx>94.47</cx>
        <cy>103.77</cy>
      </node>
      <node id="278" type="1">
        <cx>87.6</cx>
        <cy>106.06</cy>
      </node>
      <node id="279" type="1">
        <cx>85.79</cx>
        <cy>108.83</cy>
      </node>
      <node id="280" type="1">
        <cx>88.25</cx>
        <cy>108.79</cy>
      </node>
      <node id="281" type="1">
        <cx>61.63</cx>
        <cy>58.95</cy>
      </node>
      <node id="282" type="1">
        <cx>63.68</cx>
        <cy>57.84</cy>
      </node>
      <node id="283" type="1">
        <cx>59.41</cx>
        <cy>55.76</cy>
      </node>
      <node id="284" type="1">
        <cx>60.14</cx>
        <cy>60.14</cy>
      </node>
      <node id="285" type="1">
        <cx>58.53</cx>
        <cy>58.77</cy>
      </node>
      <node id="286" type="1">
        <cx>60.76</cx>
        <cy>110.61</cy>
      </node>
      <node id="287" type="1">
        <cx>58.51</cx>
        <cy>112.15</cy>
      </node>
      <node id="288" type="1">
        <cx>57.89</cx>
        <cy>112.19</cy>
      </node>
      <node id="289" type="1">
        <cx>55.22</cx>
        <cy>109.7</cy>
      </node>
      <node id="290" type="1">
        <cx>62.42</cx>
        <cy>110.45</cy>
      </node>
      <node id="291" type="1">
        <cx>88.9</cx>
        <cy>17.92</cy>
      </node>
      <node id="292" type="1">
        <cx>90.61</cx>
        <cy>14.33</cy>
      </node>
      <node id="293" type="1">
        <cx>92.5</cx>
        <cy>22.19</cy>
      </node>
      <node id="294" type="1">
        <cx>92.38</cx>
        <cy>19.7</cy>
      </node>
      <node id="295" type="1">
        <cx>87.22</cx>
        <cy>22.39</cy>
      </node>
      <node id="296" type="1">
        <cx>50.75</cx>
        <cy>1.44</cy>
      </node>
      <node id="297" type="1">
        <cx>48.73</cx>
        <cy>5.12</cy>
      </node>
      <node id="298" type="1">
        <cx>51.85</cx>
        <cy>3.25</cy>
      </node>
      <node id="299" type="1">
        <cx>53.65</cx>
        <cy>3.79</cy>
      </node>
      <node id="300" type="1">
        <cx>48.34</cx>
        <cy>5.2</cy>
      </node>
      <node id="301" type="1">
        <cx>108.72</cx>
        <cy>2.86</cy>
      </node>
      <node id="302" type="1">
        <cx>104.41</cx>
        <cy>4.82</cy>
      </node>
      <node id="303" type="1">
        <cx>107.04</cx>
        <cy>2.59</cy>
      </node>
      <node id="304" type="1">
        <cx>107.14</cx>
        <cy>6.21</cy>
      </node>
      <node id="305" type="1">
        <cx>108.21</cx>
        <cy>5.44</cy>
      </node>
      <node id="306" type="1">
        <cx>110.71</cx>
        <cy>58.39</cy>
      </node>
      <node id="307" type="1">
        <cx>109.84</cx>
        <cy>58.53</cy>
      </node>
      <node id="308" type="1">
        <cx>108.64</cx>
        <cy>61.53</cy>
      </node>
      <node id="309" type="1">
        <cx>112.44</cx>
        <cy>61.76</cy>
      </node>
      <node id="310" type="1">
        <cx>112.67</cx>
        <cy>61.16</cy>
      </node>
      <node id="311" type="1">
        <cx>65.27</cx>
        <cy>40.04</cy>
      </node>
      <node id="312" type="1">
        <cx>62.98</cx>
        <cy>42.02</cy>
      </node>
      <node id="313" type="1">
        <cx>61.95</cx>
        <cy>41.32</cy>
      </node>
      <node id="314" type="1">
        <cx>67.16</cx>
        <cy>42.01</cy>
      </node>
      <node id="315" type="1">
        <cx>68.93</cx>
        <cy>43.87</cy>
      </node>
      <node id="316" type="1">
        <cx>40.06</cx>
        <cy>29.32</cy>
      </node>
      <node id="317" type="1">
        <cx>38.87</cx>
        <cy>30.21</cy>
      </node>
      <node id="318" type="1">
        <cx>42.61</cx>
        <cy>24.83</cy>
      </node>
      <node id="319" type="1">
        <cx>41.58</cx>
        <cy>23.81</cy>
      </node>
      <node id="320" type="1">
        <cx>37.24</cx>
        <cy>32.08</cy>
      </node>
      <node id="321" type="2">
        <cx>118.77</cx>
        <cy>114.54</cy>
        <custom>
          <cs_type>normal</cs_type>
        </custom>
      </node>
      <node id="322" type="2">
        <cx>105.69</cx>
        <cy>52.15</cy>
        <custom>
          <cs_type>fast</cs_type>
        </custom>
      </node>
      <node id="323" type="2">
        <cx>20.08</cx>
        <cy>8.63</cy>
        <custom>
          <cs_type>fast</cs_type>
        </custom>
      </node>
      <node id="324" type="2">
        <cx>32.02</cx>
        <cy>80.07</cy>
        <custom>
          <cs_type>slow</cs_type>
        </custom>
      </node>
      <node id="325" type="2">
        <cx>50.3</cx>
        <cy>44.21</cy>
        <custom>
          <cs_type>normal</cs_type>
        </custom>
      </node>
      <node id="326" type="2">
        <cx>93.36</cx>
        <cy>22.9</cy>
        <custom>
          <cs_type>slow</cs_type>
        </custom>
      </node>
      <node id="327" type="2">
        <cx>63.89</cx>
        <cy>43.85</cy>
        <custom>
          <cs_type>slow</cs_type>
        </custom>
      </node>
      <node id="328" type="2">
        <cx>91.08</cx>
        <cy>56.85</cy>
        <custom>
          <cs_type>normal</cs_type>
        </custom>
      </node>
      <node id="329" type="2">
        <cx>26.7</cx>
        <cy>52.79</cy>
        <custom>
          <cs_type>fast</cs_type>
        </custom>
      </node>
      <node id="330" type="2">
        <cx>119.53</cx>
        <cy>103.39</cy>
        <custom>
          <cs_type>normal</cs_type>
        </custom>
      </node>
      <node id="331" type="2">
        <cx>5.27</cx>
        <cy>12.7</cy>
        <custom>
          <cs_type>fast</cs_type>
        </custom>
      </node>
      <node id="332" type="2">
        <cx>119.85</cx>
        <cy>49.97</cy>
        <custom>
          <cs_type>fast</cs_type>
        </custom>
      </node>
      <node id="333" type="2">
        <cx>56.67</cx>
        <cy>80.46</cy>
        <custom>
          <cs_type>normal</cs_type>
        </custom>
      </node>
      <node id="334" type="2">
        <cx>93.96</cx>
        <cy>84.1</cy>
        <custom>
          <cs_type>normal</cs_type>
        </custom>
      </node>
      <node id="335" type="2">
        <cx>19.83</cx>
        <cy>100.59</cy>
        <custom>
          <cs_type>normal</cs_type>
        </custom>
      </node>
      <node id="336" type="2">
        <cx>37.2</cx>
        <cy>19.16</cy>
        <custom>
          <cs_type>normal</cs_type>
        </custom>
      </node>
      <node id="337" type="2">
        <cx>112.42</cx>
        <cy>86.69</cy>
        <custom>
          <cs_type>slow</cs_type>
        </custom>
      </node>
      <node id="338" type="2">
        <cx>81.37</cx>
        <cy>56.94</cy>
        <custom>
          <cs_type>slow</cs_type>
        </custom>
      </node>
      <node id="339" type="2">
        <cx>61.04</cx>
        <cy>92.72</cy>
        <custom>
          <cs_type>slow</cs_type>
        </custom>
      </node>
      <node id="340" type="2">
        <cx>22.83</cx>
        <cy>15.44</cy>
        <custom>
          <cs_type>fast</cs_type>
        </custom>
      </node>
      <node id="341" type="2">
        <cx>86.16</cx>
        <cy>81.82</cy>
        <custom>
          <cs_type>normal</cs_type>
        </custom>
      </node>
      <node id="342" type="2">
        <cx>13.68</cx>
        <cy>47.04</cy>
        <custom>
          <cs_type>slow</cs_type>
        </custom>
      </node>
      <node id="343" type="2">
        <cx>28.25</cx>
        <cy>103.27</cy>
        <custom>
          <cs_type>normal</cs_type>
        </custom>
      </node>
      <node id="344" type="2">
        <cx>31.55</cx>
        <cy>66.39</cy>
        <custom>
          <cs_type>fast</cs_type>
        </custom>
      </node>
      <node id="345" type="2">
        <cx>71.94</cx>
        <cy>67.97</cy>
        <custom>
          <cs_type>slow</cs_type>
        </custom>
      </node>
      <node id="346" type="2">
        <cx>24.1</cx>
        <cy>76.41</cy>
        <custom>
          <cs_type>slow</cs_type>
        </custom>
      </node>
      <node id="347" type="2">
        <cx>41.91</cx>
        <cy>84.44</cy>
        <custom>
          <cs_type>fast</cs_type>
        </custom>
      </node>
      <node id="348" type="2">
        <cx>6.66</cx>
        <cy>48.61</cy>
        <custom>
          <cs_type>normal</cs_type>
        </custom>
      </node>
      <node id="349" type="2">
        <cx>41.43</cx>
        <cy>102.96</cy>
        <custom>
          <cs_type>fast</cs_type>
        </custom>
      </node>
      <node id="350" type="2">
        <cx>63.2</cx>
        <cy>69.98</cy>
        <custom>
          <cs_type>slow</cs_type>
        </custom>
      </node>
      <node id="351" type="2">
        <cx>46.89</cx>
        <cy>62.22</cy>
        <custom>
          <cs_type>normal</cs_type>
        </custom>
      </node>
      <node id="352" type="2">
        <cx>100.73</cx>
        <cy>117.88</cy>
        <custom>
          <cs_type>fast</cs_type>
        </custom>
      </node>
      <node id="353" type="2">
        <cx>14.2</cx>
        <cy>0.43</cy>
        <custom>
          <cs_type>normal</cs_type>
        </custom>
      </node>
      <node id="354" type="2">
        <cx>85.15</cx>
        <cy>4.04</cy>
        <custom>
          <cs_type>fast</cs_type>
        </custom>
      </node>
      <node id="355" type="2">
        <cx>35.36</cx>
        <cy>31.15</cy>
        <custom>
          <cs_type>slow</cs_type>
        </custom>
      </node>
      <node id="356" type="2">
        <cx>12.88</cx>
        <cy>59.88</cy>
        <custom>
          <cs_type>normal</cs_type>
        </custom>
      </node>
      <node id="357" type="2">
        <cx>73.2</cx>
        <cy>86.19</cy>
        <custom>
          <cs_type>fast</cs_type>
        </custom>
      </node>
      <node id="358" type="2">
        <cx>1.84</cx>
        <cy>83.33</cy>
        <custom>
          <cs_type>slow</cs_type>
        </custom>
      </node>
    </nodes>
    <euclidean />
    <decimals>14</decimals>
  </network>
  <fleet>
    <vehicle_profile type="0">
      <departure_node>0</departure_node>
      <arrival_node>0</arrival_node>
      <max_travel_time>10</max_travel_time>
      <speed_factor>40</speed_factor>
      <custom>
        <consumption_rate>125</consumption_rate>
        <battery_capacity>16000</battery_capacity>
        <charging_functions>
          <function cs_type="fast">
            <breakpoint>
              <battery_level>0</battery_level>
              <charging_time>0.0</charging_time>
            </breakpoint>
            <breakpoint>
              <battery_level>13600</battery_level>
              <charging_time>0.31</charging_time>
            </breakpoint>
            <breakpoint>
              <battery_level>15200</battery_level>
              <charging_time>0.39</charging_time>
            </breakpoint>
            <breakpoint>
              <battery_level>16000</battery_level>
              <charging_time>0.51</charging_time>
            </breakpoint>
          </function>
          <function cs_type="normal">
            <breakpoint>
              <battery_level>0</battery_level>
              <charging_time>0.0</charging_time>
            </breakpoint>
            <breakpoint>
              <battery_level>13600</battery_level>
              <charging_time>0.62</charging_time>
            </breakpoint>
            <breakpoint>
              <battery_level>15200</battery_level>
              <charging_time>0.77</charging_time>
            </breakpoint>
            <breakpoint>
              <battery_level>16000</battery_level>
              <charging_time>1.01</charging_time>
            </breakpoint>
          </function>
          <function cs_type="slow">
            <breakpoint>
              <battery_level>0</battery_level>
              <charging_time>0.0</charging_time>
            </breakpoint>
            <breakpoint>
              <battery_level>13600</battery_level>
              <charging_time>1.26</charging_time>
            </breakpoint>
            <breakpoint>
              <battery_level>15200</battery_level>
              <charging_time>1.54</charging_time>
            </breakpoint>
            <breakpoint>
              <battery_level>16000</battery_level>
              <charging_time>2.04</charging_time>
            </breakpoint>
          </function>
        </charging_functions>
      </custom>
    </vehicle_profile>
  </fleet>
  <requests>
    <request id="1" node="1">
      <service_time>0.5</service_time>
    </request>
    <request id="2" node="2">
      <service_time>0.5</service_time>
    </request>
    <request id="3" node="3">
      <service_time>0.5</service_time>
    </request>
    <request id="4" node="4">
      <service_time>0.5</service_time>
    </request>
    <request id="5" node="5">
      <service_time>0.5</service_time>
    </request>
    <request id="6" node="6">
      <service_time>0.5</service_time>
    </request>
    <request id="7" node="7">
      <service_time>0.5</service_time>
    </request>
    <request id="8" node="8">
      <service_time>0.5</service_time>
    </request>
    <request id="9" node="9">
      <service_time>0.5</service_time>
    </request>
    <request id="10" node="10">
      <service_time>0.5</service_time>
    </request>
    <request id="11" node="11">
      <service_time>0.5</service_time>
    </request>
    <request id="12" node="12">
      <service_time>0.5</service_time>
    </request>
    <request id="13" node="13">
      <service_time>0.5</service_time>
    </request>
    <request id="14" node="14">
      <service_time>0.5</service_time>
    </request>
    <request id="15" node="15">
      <service_time>0.5</service_time>
    </request>
    <request id="16" node="16">
      <service_time>0.5</service_time>
    </request>
    <request id="17" node="17">
      <service_time>0.5</service_time>
    </request>
    <request id="18" node="18">
      <service_time>0.5</service_time>
    </request>
    <request id="19" node="19">
      <service_time>0.5</service_time>
    </request>
    <request id="20" node="20">
      <service_time>0.5</service_time>
    </request>
    <request id="21" node="21">
      <service_time>0.5</service_time>
    </request>
    <request id="22" node="22">
      <service_time>0.5</service_time>
    </request>
    <request id="23" node="23">
      <service_time>0.5</service_time>
    </request>
    <request id="24" node="24">
      <service_time>0.5</service_time>
    </request>
    <request id="25" node="25">
      <service_time>0.5</service_time>
    </request>
    <request id="26" node="26">
      <service_time>0.5</service_time>
    </request>
    <request id="27" node="27">
      <service_time>0.5</service_time>
    </request>
    <request id="28" node="28">
      <service_time>0.5</service_time>
    </request>
    <request id="29" node="29">
      <service_time>0.5</service_time>
    </request>
    <request id="30" node="30">
      <service_time>0.5</service_time>
    </request>
    <request id="31" node="31">
      <service_time>0.5</service_time>
    </request>
    <request id="32" node="32">
      <service_time>0.5</service_time>
    </request>
    <request id="33" node="33">
      <service_time>0.5</service_time>
    </request>
    <request id="34" node="34">
      <service_time>0.5</service_time>
    </request>
    <request id="35" node="35">
      <service_time>0.5</service_time>
    </request>
    <request id="36" node="36">
      <service_time>0.5</service_time>
    </request>
    <request id="37" node="37">
      <service_time>0.5</service_time>
    </request>
    <request id="38" node="38">
      <service_time>0.5</service_time>
    </request>
    <request id="39" node="39">
      <service_time>0.5</service_time>
    </request>
    <request id="40" node="40">
      <service_time>0.5</service_time>
    </request>
    <request id="41" node="41">
      <service_time>0.5</service_time>
    </request>
    <request id="42" node="42">
      <service_time>0.5</service_time>
    </request>
    <request id="43" node="43">
      <service_time>0.5</service_time>
    </request>
    <request id="44" node="44">
      <service_time>0.5</service_time>
    </request>
    <request id="45" node="45">
      <service_time>0.5</service_time>
    </request>
    <request id="46" node="46">
      <service_time>0.5</service_time>
    </request>
    <request id="47" node="47">
      <service_time>0.5</service_time>
    </request>
    <request id="48" node="48">
      <service_time>0.5</service_time>
    </request>
    <request id="49" node="49">
      <service_time>0.5</service_time>
    </request>
    <request id="50" node="50">
      <service_time>0.5</service_time>
    </request>
    <request id="51" node="51">
      <service_time>0.5</service_time>
    </request>
    <request id="52" node="52">
      <service_time>0.5</service_time>
    </request>
    <request id="53" node="53">
      <service_time>0.5</service_time>
    </request>
    <request id="54" node="54">
      <service_time>0.5</service_time>
    </request>
    <request id="55" node="55">
      <service_time>0.5</service_time>
    </request>
    <request id="56" node="56">
      <service_time>0.5</service_time>
    </request>
    <request id="57" node="57">
      <service_time>0.5</service_time>
    </request>
    <request id="58" node="58">
      <service_time>0.5</service_time>
    </request>
    <request id="59" node="59">
      <service_time>0.5</service_time>
    </request>
    <request id="60" node="60">
      <service_time>0.5</service_time>
    </request>
    <request id="61" node="61">
      <service_time>0.5</service_time>
    </request>
    <request id="62" node="62">
      <service_time>0.5</service_time>
    </request>
    <request id="63" node="63">
      <service_time>0.5</service_time>
    </request>
    <request id="64" node="64">
      <service_time>0.5</service_time>
    </request>
    <request id="65" node="65">
      <service_time>0.5</service_time>
    </request>
    <request id="66" node="66">
      <service_time>0.5</service_time>
    </request>
    <request id="67" node="67">
      <service_time>0.5</service_time>
    </request>
    <request id="68" node="68">
      <service_time>0.5</service_time>
    </request>
    <request id="69" node="69">
      <service_time>0.5</service_time>
    </request>
    <request id="70" node="70">
      <service_time>0.5</service_time>
    </request>
    <request id="71" node="71">
      <service_time>0.5</service_time>
    </request>
    <request id="72" node="72">
      <service_time>0.5</service_time>
    </request>
    <request id="73" node="73">
      <service_time>0.5</service_time>
    </request>
    <request id="74" node="74">
      <service_time>0.5</service_time>
    </request>
    <request id="75" node="75">
      <service_time>0.5</service_time>
    </request>
    <request id="76" node="76">
      <service_time>0.5</service_time>
    </request>
    <request id="77" node="77">
      <service_time>0.5</service_time>
    </request>
    <request id="78" node="78">
      <service_time>0.5</service_time>
    </request>
    <request id="79" node="79">
      <service_time>0.5</service_time>
    </request>
    <request id="80" node="80">
      <service_time>0.5</service_time>
    </request>
    <request id="81" node="81">
      <service_time>0.5</service_time>
    </request>
    <request id="82" node="82">
      <service_time>0.5</service_time>
    </request>
    <request id="83" node="83">
      <service_time>0.5</service_time>
    </request>
    <request id="84" node="84">
      <service_time>0.5</service_time>
    </request>
    <request id="85" node="85">
      <service_time>0.5</service_time>
    </request>
    <request id="86" node="86">
      <service_time>0.5</service_time>
    </request>
    <request id="87" node="87">
      <service_time>0.5</service_time>
    </request>
    <request id="88" node="88">
      <service_time>0.5</service_time>
    </request>
    <request id="89" node="89">
      <service_time>0.5</service_time>
    </request>
    <request id="90" node="90">
      <service_time>0.5</service_time>
    </request>
    <request id="91" node="91">
      <service_time>0.5</service_time>
    </request>
    <request id="92" node="92">
      <service_time>0.5</service_time>
    </request>
    <request id="93" node="93">
      <service_time>0.5</service_time>
    </request>
    <request id="94" node="94">
      <service_time>0.5</service_time>
    </request>
    <request id="95" node="95">
      <service_time>0.5</service_time>
    </request>
    <request id="96" node="96">
      <service_time>0.5</service_time>
    </request>
    <request id="97" node="97">
      <service_time>0.5</service_time>
    </request>
    <request id="98" node="98">
      <service_time>0.5</service_time>
    </request>
    <request id="99" node="99">
      <service_time>0.5</service_time>
    </request>
    <request id="100" node="100">
      <service_time>0.5</service_time>
    </request>
    <request id="101" node="101">
      <service_time>0.5</service_time>
    </request>
    <request id="102" node="102">
      <service_time>0.5</service_time>
    </request>
    <request id="103" node="103">
      <service_time>0.5</service_time>
    </request>
    <request id="104" node="104">
      <service_time>0.5</service_time>
    </request>
    <request id="105" node="105">
      <service_time>0.5</service_time>
    </request>
    <request id="106" node="106">
      <service_time>0.5</service_time>
    </request>
    <request id="107" node="107">
      <service_time>0.5</service_time>
    </request>
    <request id="108" node="108">
      <service_time>0.5</service_time>
    </request>
    <request id="109" node="109">
      <service_time>0.5</service_time>
    </request>
    <request id="110" node="110">
      <service_time>0.5</service_time>
    </request>
    <request id="111" node="111">
      <service_time>0.5</service_time>
    </request>
    <request id="112" node="112">
      <service_time>0.5</service_time>
    </request>
    <request id="113" node="113">
      <service_time>0.5</service_time>
    </request>
    <request id="114" node="114">
      <service_time>0.5</service_time>
    </request>
    <request id="115" node="115">
      <service_time>0.5</service_time>
    </request>
    <request id="116" node="116">
      <service_time>0.5</service_time>
    </request>
    <request id="117" node="117">
      <service_time>0.5</service_time>
    </request>
    <request id="118" node="118">
      <service_time>0.5</service_time>
    </request>
    <request id="119" node="119">
      <service_time>0.5</service_time>
    </request>
    <request id="120" node="120">
      <service_time>0.5</service_time>
    </request>
    <request id="121" node="121">
      <service_time>0.5</service_time>
    </request>
    <request id="122" node="122">
      <service_time>0.5</service_time>
    </request>
    <request id="123" node="123">
      <service_time>0.5</service_time>
    </request>
    <request id="124" node="124">
      <service_time>0.5</service_time>
    </request>
    <request id="125" node="125">
      <service_time>0.5</service_time>
    </request>
    <request id="126" node="126">
      <service_time>0.5</service_time>
    </request>
    <request id="127" node="127">
      <service_time>0.5</service_time>
    </request>
    <request id="128" node="128">
      <service_time>0.5</service_time>
    </request>
    <request id="129" node="129">
      <service_time>0.5</service_time>
    </request>
    <request id="130" node="130">
      <service_time>0.5</service_time>
    </request>
    <request id="131" node="131">
      <service_time>0.5</service_time>
    </request>
    <request id="132" node="132">
      <service_time>0.5</service_time>
    </request>
    <request id="133" node="133">
      <service_time>0.5</service_time>
    </request>
    <request id="134" node="134">
      <service_time>0.5</service_time>
    </request>
    <request id="135" node="135">
      <service_time>0.5</service_time>
    </request>
    <request id="136" node="136">
      <service_time>0.5</service_time>
    </request>
    <request id="137" node="137">
      <service_time>0.5</service_time>
    </request>
    <request id="138" node="138">
      <service_time>0.5</service_time>
    </request>
    <request id="139" node="139">
      <service_time>0.5</service_time>
    </request>
    <request id="140" node="140">
      <service_time>0.5</service_time>
    </request>
    <request id="141" node="141">
      <service_time>0.5</service_time>
    </request>
    <request id="142" node="142">
      <service_time>0.5</service_time>
    </request>
    <request id="143" node="143">
      <service_time>0.5</service_time>
    </request>
    <request id="144" node="144">
      <service_time>0.5</service_time>
    </request>
    <request id="145" node="145">
      <service_time>0.5</service_time>
    </request>
    <request id="146" node="146">
      <service_time>0.5</service_time>
    </request>
    <request id="147" node="147">
      <service_time>0.5</service_time>
    </request>
    <request id="148" node="148">
      <service_time>0.5</service_time>
    </request>
    <request id="149" node="149">
      <service_time>0.5</service_time>
    </request>
    <request id="150" node="150">
      <service_time>0.5</service_time>
    </request>
    <request id="151" node="151">
      <service_time>0.5</service_time>
    </request>
    <request id="152" node="152">
      <service_time>0.5</service_time>
    </request>
    <request id="153" node="153">
      <service_time>0.5</service_time>
    </request>
    <request id="154" node="154">
      <service_time>0.5</service_time>
    </request>
    <request id="155" node="155">
      <service_time>0.5</service_time>
    </request>
    <request id="156" node="156">
      <service_time>0.5</service_time>
    </request>
    <request id="157" node="157">
      <service_time>0.5</service_time>
    </request>
    <request id="158" node="158">
      <service_time>0.5</service_time>
    </request>
    <request id="159" node="159">
      <service_time>0.5</service_time>
    </request>
    <request id="160" node="160">
      <service_time>0.5</service_time>
    </request>
    <request id="161" node="161">
      <service_time>0.5</service_time>
    </request>
    <request id="162" node="162">
      <service_time>0.5</service_time>
    </request>
    <request id="163" node="163">
      <service_time>0.5</service_time>
    </request>
    <request id="164" node="164">
      <service_time>0.5</service_time>
    </request>
    <request id="165" node="165">
      <service_time>0.5</service_time>
    </request>
    <request id="166" node="166">
      <service_time>0.5</service_time>
    </request>
    <request id="167" node="167">
      <service_time>0.5</service_time>
    </request>
    <request id="168" node="168">
      <service_time>0.5</service_time>
    </request>
    <request id="169" node="169">
      <service_time>0.5</service_time>
    </request>
    <request id="170" node="170">
      <service_time>0.5</service_time>
    </request>
    <request id="171" node="171">
      <service_time>0.5</service_time>
    </request>
    <request id="172" node="172">
      <service_time>0.5</service_time>
    </request>
    <request id="173" node="173">
      <service_time>0.5</service_time>
    </request>
    <request id="174" node="174">
      <service_time>0.5</service_time>
    </request>
    <request id="175" node="175">
      <service_time>0.5</service_time>
    </request>
    <request id="176" node="176">
      <service_time>0.5</service_time>
    </request>
    <request id="177" node="177">
      <service_time>0.5</service_time>
    </request>
    <request id="178" node="178">
      <service_time>0.5</service_time>
    </request>
    <request id="179" node="179">
      <service_time>0.5</service_time>
    </request>
    <request id="180" node="180">
      <service_time>0.5</service_time>
    </request>
    <request id="181" node="181">
      <service_time>0.5</service_time>
    </request>
    <request id="182" node="182">
      <service_time>0.5</service_time>
    </request>
    <request id="183" node="183">
      <service_time>0.5</service_time>
    </request>
    <request id="184" node="184">
      <service_time>0.5</service_time>
    </request>
    <request id="185" node="185">
      <service_time>0.5</service_time>
    </request>
    <request id="186" node="186">
      <service_time>0.5</service_time>
    </request>
    <request id="187" node="187">
      <service_time>0.5</service_time>
    </request>
    <request id="188" node="188">
      <service_time>0.5</service_time>
    </request>
    <request id="189" node="189">
      <service_time>0.5</service_time>
    </request>
    <request id="190" node="190">
      <service_time>0.5</service_time>
    </request>
    <request id="191" node="191">
      <service_time>0.5</service_time>
    </request>
    <request id="192" node="192">
      <service_time>0.5</service_time>
    </request>
    <request id="193" node="193">
      <service_time>0.5</service_time>
    </request>
    <request id="194" node="194">
      <service_time>0.5</service_time>
    </request>
    <request id="195" node="195">
      <service_time>0.5</service_time>
    </request>
    <request id="196" node="196">
      <service_time>0.5</service_time>
    </request>
    <request id="197" node="197">
      <service_time>0.5</service_time>
    </request>
    <request id="198" node="198">
      <service_time>0.5</service_time>
    </request>
    <request id="199" node="199">
      <service_time>0.5</service_time>
    </request>
    <request id="200" node="200">
      <service_time>0.5</service_time>
    </request>
    <request id="201" node="201">
      <service_time>0.5</service_time>
    </request>
    <request id="202" node="202">
      <service_time>0.5</service_time>
    </request>
    <request id="203" node="203">
      <service_time>0.5</service_time>
    </request>
    <request id="204" node="204">
      <service_time>0.5</service_time>
    </request>
    <request id="205" node="205">
      <service_time>0.5</service_time>
    </request>
    <request id="206" node="206">
      <service_time>0.5</service_time>
    </request>
    <request id="207" node="207">
      <service_time>0.5</service_time>
    </request>
    <request id="208" node="208">
      <service_time>0.5</service_time>
    </request>
    <request id="209" node="209">
      <service_time>0.5</service_time>
    </request>
    <request id="210" node="210">
      <service_time>0.5</service_time>
    </request>
    <request id="211" node="211">
      <service_time>0.5</service_time>
    </request>
    <request id="212" node="212">
      <service_time>0.5</service_time>
    </request>
    <request id="213" node="213">
      <service_time>0.5</service_time>
    </request>
    <request id="214" node="214">
      <service_time>0.5</service_time>
    </request>
    <request id="215" node="215">
      <service_time>0.5</service_time>
    </request>
    <request id="216" node="216">
      <service_time>0.5</service_time>
    </request>
    <request id="217" node="217">
      <service_time>0.5</service_time>
    </request>
    <request id="218" node="218">
      <service_time>0.5</service_time>
    </request>
    <request id="219" node="219">
      <service_time>0.5</service_time>
    </request>
    <request id="220" node="220">
      <service_time>0.5</service_time>
    </request>
    <request id="221" node="221">
      <service_time>0.5</service_time>
    </request>
    <request id="222" node="222">
      <service_time>0.5</service_time>
    </request>
    <request id="223" node="223">
      <service_time>0.5</service_time>
    </request>
    <request id="224" node="224">
      <service_time>0.5</service_time>
    </request>
    <request id="225" node="225">
      <service_time>0.5</service_time>
    </request>
    <request id="226" node="226">
      <service_time>0.5</service_time>
    </request>
    <request id="227" node="227">
      <service_time>0.5</service_time>
    </request>
    <request id="228" node="228">
      <service_time>0.5</service_time>
    </request>
    <request id="229" node="229">
      <service_time>0.5</service_time>
    </request>
    <request id="230" node="230">
      <service_time>0.5</service_time>
    </request>
    <request id="231" node="231">
      <service_time>0.5</service_time>
    </request>
    <request id="232" node="232">
      <service_time>0.5</service_time>
    </request>
    <request id="233" node="233">
      <service_time>0.5</service_time>
    </request>
    <request id="234" node="234">
      <service_time>0.5</service_time>
    </request>
    <request id="235" node="235">
      <service_time>0.5</service_time>
    </request>
    <request id="236" node="236">
      <service_time>0.5</service_time>
    </request>
    <request id="237" node="237">
      <service_time>0.5</service_time>
    </request>
    <request id="238" node="238">
      <service_time>0.5</service_time>
    </request>
    <request id="239" node="239">
      <service_time>0.5</service_time>
    </request>
    <request id="240" node="240">
      <service_time>0.5</service_time>
    </request>
    <request id="241" node="241">
      <service_time>0.5</service_time>
    </request>
    <request id="242" node="242">
      <service_time>0.5</service_time>
    </request>
    <request id="243" node="243">
      <service_time>0.5</service_time>
    </request>
    <request id="244" node="244">
      <service_time>0.5</service_time>
    </request>
    <request id="245" node="245">
      <service_time>0.5</service_time>
    </request>
    <request id="246" node="246">
      <service_time>0.5</service_time>
    </request>
    <request id="247" node="247">
      <service_time>0.5</service_time>
    </request>
    <request id="248" node="248">
      <service_time>0.5</service_time>
    </request>
    <request id="249" node="249">
      <service_time>0.5</service_time>
    </request>
    <request id="250" node="250">
      <service_time>0.5</service_time>
    </request>
    <request id="251" node="251">
      <service_time>0.5</service_time>
    </request>
    <request id="252" node="252">
      <service_time>0.5</service_time>
    </request>
    <request id="253" node="253">
      <service_time>0.5</service_time>
    </request>
    <request id="254" node="254">
      <service_time>0.5</service_time>
    </request>
    <request id="255" node="255">
      <service_time>0.5</service_time>
    </request>
    <request id="256" node="256">
      <service_time>0.5</service_time>
    </request>
    <request id="257" node="257">
      <service_time>0.5</service_time>
    </request>
    <request id="258" node="258">
      <service_time>0.5</service_time>
    </request>
    <request id="259" node="259">
      <service_time>0.5</service_time>
    </request>
    <request id="260" node="260">
      <service_time>0.5</service_time>
    </request>
    <request id="261" node="261">
      <service_time>0.5</service_time>
    </request>
    <request id="262" node="262">
      <service_time>0.5</service_time>
    </request>
    <request id="263" node="263">
      <service_time>0.5</service_time>
    </request>
    <request id="264" node="264">
      <service_time>0.5</service_time>
    </request>
    <request id="265" node="265">
      <service_time>0.5</service_time>
    </request>
    <request id="266" node="266">
      <service_time>0.5</service_time>
    </request>
    <request id="267" node="267">
      <service_time>0.5</service_time>
    </request>
    <request id="268" node="268">
      <service_time>0.5</service_time>
    </request>
    <request id="269" node="269">
      <service_time>0.5</service_time>
    </request>
    <request id="270" node="270">
      <service_time>0.5</service_time>
    </request>
    <request id="271" node="271">
      <service_time>0.5</service_time>
    </request>
    <request id="272" node="272">
      <service_time>0.5</service_time>
    </request>
    <request id="273" node="273">
      <service_time>0.5</service_time>
    </request>
    <request id="274" node="274">
      <service_time>0.5</service_time>
    </request>
    <request id="275" node="275">
      <service_time>0.5</service_time>
    </request>
    <request id="276" node="276">
      <service_time>0.5</service_time>
    </request>
    <request id="277" node="277">
      <service_time>0.5</service_time>
    </request>
    <request id="278" node="278">
      <service_time>0.5</service_time>
    </request>
    <request id="279" node="279">
      <service_time>0.5</service_time>
    </request>
    <request id="280" node="280">
      <service_time>0.5</service_time>
    </request>
    <request id="281" node="281">
      <service_time>0.5</service_time>
    </request>
    <request id="282" node="282">
      <service_time>0.5</service_time>
    </request>
    <request id="283" node="283">
      <service_time>0.5</service_time>
    </request>
    <request id="284" node="284">
      <service_time>0.5</service_time>
    </request>
    <request id="285" node="285">
      <service_time>0.5</service_time>
    </request>
    <request id="286" node="286">
      <service_time>0.5</service_time>
    </request>
    <request id="287" node="287">
      <service_time>0.5</service_time>
    </request>
    <request id="288" node="288">
      <service_time>0.5</service_time>
    </request>
    <request id="289" node="289">
      <service_time>0.5</service_time>
    </request>
    <request id="290" node="290">
      <service_time>0.5</service_time>
    </request>
    <request id="291" node="291">
      <service_time>0.5</service_time>
    </request>
    <request id="292" node="292">
      <service_time>0.5</service_time>
    </request>
    <request id="293" node="293">
      <service_time>0.5</service_time>
    </request>
    <request id="294" node="294">
      <service_time>0.5</service_time>
    </request>
    <request id="295" node="295">
      <service_time>0.5</service_time>
    </request>
    <request id="296" node="296">
      <service_time>0.5</service_time>
    </request>
    <request id="297" node="297">
      <service_time>0.5</service_time>
    </request>
    <request id="298" node="298">
      <service_time>0.5</service_time>
    </request>
    <request id="299" node="299">
      <service_time>0.5</service_time>
    </request>
    <request id="300" node="300">
      <service_time>0.5</service_time>
    </request>
    <request id="301" node="301">
      <service_time>0.5</service_time>
    </request>
    <request id="302" node="302">
      <service_time>0.5</service_time>
    </request>
    <request id="303" node="303">
      <service_time>0.5</service_time>
    </request>
    <request id="304" node="304">
      <service_time>0.5</service_time>
    </request>
    <request id="305" node="305">
      <service_time>0.5</service_time>
    </request>
    <request id="306" node="306">
      <service_time>0.5</service_time>
    </request>
    <request id="307" node="307">
      <service_time>0.5</service_time>
    </request>
    <request id="308" node="308">
      <service_time>0.5</service_time>
    </request>
    <request id="309" node="309">
      <service_time>0.5</service_time>
    </request>
    <request id="310" node="310">
      <service_time>0.5</service_time>
    </request>
    <request id="311" node="311">
      <service_time>0.5</service_time>
    </request>
    <request id="312" node="312">
      <service_time>0.5</service_time>
    </request>
    <request id="313" node="313">
      <service_time>0.5</service_time>
    </request>
    <request id="314" node="314">
      <service_time>0.5</service_time>
    </request>
    <request id="315" node="315">
      <service_time>0.5</service_time>
    </request>
    <request id="316" node="316">
      <service_time>0.5</service_time>
    </request>
    <request id="317" node="317">
      <service_time>0.5</service_time>
    </request>
    <request id="318" node="318">
      <service_time>0.5</service_time>
    </request>
    <request id="319" node="319">
      <service_time>0.5</service_time>
    </request>
    <request id="320" node="320">
      <service_time>0.5</service_time>
    </request>
  </requests>
</instance>
